"Data","Último","Abertura","Máxima","Mínima","Var%"
"Dez 19","4,0195","4,2366","4,2537","4,0085","-5,13%"
"Nov 19","4,2367","4,0175","4,2773","3,9686","5,43%"
"Out 19","4,0184","4,1573","4,1875","3,9638","-3,30%"
"Set 19","4,1556","4,1435","4,1947","4,0265","0,25%"
"Ago 19","4,1453","3,8159","4,1951","3,8108","8,72%"
"Jul 19","3,8129","3,8375","3,8808","3,7176","-1,02%"
"Jun 19","3,8520","3,9227","3,9343","3,8061","-1,80%"
"Mai 19","3,9228","3,9204","4,1223","3,9090","0,03%"
"Abr 19","3,9215","3,8895","4,0066","3,8148","-0,08%"
"Mar 19","3,9247","3,7518","4,0163","3,7387","4,62%"
"Fev 19","3,7514","3,6457","3,7954","3,6378","2,95%"
"Jan 19","3,6440","3,8784","3,8969","3,6358","-6,11%"
"Dez 18","3,8813","3,8670","3,9461","3,8154","0,37%"
"Nov 18","3,8669","3,7226","3,9447","3,6794","3,89%"
"Out 18","3,7220","4,0497","4,0630","3,5813","-8,08%"
"Set 18","4,0491","4,0929","4,2117","3,9676","-0,16%"
"Ago 18","4,0556","3,7569","4,2159","3,6907","7,97%"
"Jul 18","3,7563","3,8784","3,9531","3,6883","-3,12%"
"Jun 18","3,8771","3,7253","3,9677","3,6680","4,13%"
"Mai 18","3,7235","3,5080","3,7773","3,5079","6,17%"
"Abr 18","3,5072","3,3051","3,5160","3,2959","6,11%"
"Mar 18","3,3051","3,2463","3,3464","3,2055","1,81%"
"Fev 18","3,2462","3,1857","3,3188","3,1616","1,89%"
"Jan 18","3,1859","3,3134","3,3134","3,1195","-3,82%"
"Dez 17","3,3125","3,2729","3,3479","3,2197","1,22%"
"Nov 17","3,2727","3,2725","3,3349","3,2002","0,00%"
"Out 17","3,2727","3,1641","3,3030","3,1221","3,50%"
"Set 17","3,1619","3,1475","3,2005","3,0789","0,44%"
"Ago 17","3,1479","3,1271","3,2212","3,1073","0,69%"
"Jul 17","3,1264","3,3189","3,3312","3,1102","-5,47%"
"Jun 17","3,3072","3,2271","3,3495","3,2149","2,50%"
"Mai 17","3,2266","3,1766","3,4095","3,0875","1,57%"
"Abr 17","3,1766","3,1235","3,2149","3,0806","1,71%"
"Mar 17","3,1233","3,1088","3,1984","3,0596","0,46%"
"Fev 17","3,1091","3,1515","3,1633","3,0389","-1,33%"
"Jan 17","3,1509","3,2534","3,2923","3,1012","-3,19%"
"Dez 16","3,2547","3,3854","3,4938","3,2416","-3,83%"
"Nov 16","3,3842","3,1891","3,5086","3,1630","6,11%"
"Out 16","3,1893","3,2631","3,2640","3,1026","-2,18%"
"Set 16","3,2603","3,2265","3,3689","3,1657","1,02%"
"Ago 16","3,2273","3,2487","3,2927","3,1128","-0,66%"
"Jul 16","3,2486","3,2137","3,3724","3,1969","1,10%"
"Jun 16","3,2134","3,6088","3,6361","3,1827","-11,01%"
"Mai 16","3,6111","3,4354","3,6761","3,4331","5,10%"
"Abr 16","3,4358","3,5901","3,7191","3,4289","-4,39%"
"Mar 16","3,5935","4,0167","4,0222","3,5323","-10,54%"
"Fev 16","4,0171","3,9992","4,0791","3,8453","0,46%"
"Jan 16","3,9988","3,9608","4,1738","3,9590","0,96%"
"Dez 15","3,9608","3,8687","4,0424","3,7165","2,37%"
"Nov 15","3,8690","3,8562","3,9243","3,6937","0,33%"
"Out 15","3,8564","3,9508","4,0457","3,7227","-2,35%"
"Set 15","3,9491","3,6199","4,2496","3,6195","9,11%"
"Ago 15","3,6193","3,4218","3,6838","3,4202","5,79%"
"Jul 15","3,4213","3,1031","3,4354","3,0932","10,25%"
"Jun 15","3,1031","3,1791","3,2149","3,0303","-2,41%"
"Mai 15","3,1798","3,0147","3,1973","2,9709","5,48%"
"Abr 15","3,0145","3,1942","3,1942","2,8817","-5,67%"
"Mar 15","3,1958","2,8391","3,3173","2,8391","12,57%"
"Fev 15","2,8390","2,6824","2,9214","2,6660","5,84%"
"Jan 15","2,6824","2,6580","2,7314","2,5499","0,94%"
"Dez 14","2,6575","2,5656","2,7605","2,5435","3,57%"
"Nov 14","2,5659","2,4787","2,6296","2,4539","3,53%"
"Out 14","2,4783","2,4438","2,5595","2,3561","1,32%"
"Set 14","2,4461","2,2372","2,4792","2,2260","9,40%"
"Ago 14","2,2360","2,2630","2,3079","2,2331","-1,23%"
"Jul 14","2,2639","2,2148","2,2751","2,1990","2,24%"
"Jun 14","2,2144","2,2412","2,2917","2,1871","-1,17%"
"Mai 14","2,2407","2,2334","2,2492","2,1995","0,34%"
"Abr 14","2,2330","2,2726","2,2893","2,1819","-1,72%"
"Mar 14","2,2721","2,3388","2,3767","2,2481","-2,84%"
"Fev 14","2,3384","2,4125","2,4402","2,3178","-3,08%"
"Jan 14","2,4127","2,3780","2,4506","2,3275","2,14%"
"Dez 13","2,3621","2,3363","2,3960","2,3043","1,13%"
"Nov 13","2,3358","2,2350","2,3487","2,2350","4,27%"
"Out 13","2,2401","2,2163","2,2418","2,1471","1,08%"
"Set 13","2,2162","2,3827","2,4041","2,1796","-7,12%"
"Ago 13","2,3862","2,2765","2,4554","2,2628","4,79%"
"Jul 13","2,2771","2,2292","2,3030","2,2067","2,02%"
"Jun 13","2,2321","2,1438","2,2775","2,0842","4,19%"
"Mai 13","2,1423","2,0015","2,1507","1,9945","7,02%"
"Abr 13","2,0017","2,0182","2,0302","1,9637","-1,11%"
"Mar 13","2,0242","1,9760","2,0276","1,9412","2,22%"
"Fev 13","1,9803","1,9909","1,9975","1,9498","-0,53%"
"Jan 13","1,9908","2,0333","2,0507","1,9811","-2,82%"
"Dez 12","2,0485","2,1360","2,1392","2,0390","-4,10%"
"Nov 12","2,1361","2,0317","2,1377","2,0303","5,18%"
"Out 12","2,0309","2,0286","2,0440","2,0158","0,26%"
"Set 12","2,0257","2,0297","2,0450","2,0061","-0,18%"
"Ago 12","2,0293","2,0570","2,0575","2,0059","-1,33%"
"Jul 12","2,0567","2,0056","2,0567","1,9779","2,35%"
"Jun 12","2,0095","2,0223","2,0991","2,0042","-0,65%"
"Mai 12","2,0226","1,9042","2,1065","1,9042","5,96%"
"Abr 12","1,9088","1,8265","1,9123","1,8155","4,51%"
"Mar 12","1,8264","1,7174","1,8376","1,7098","6,35%"
"Fev 12","1,7174","1,7497","1,7497","1,6867","-1,71%"
"Jan 12","1,7472","1,8665","1,8754","1,7321","-6,23%"
"Dez 11","1,8632","1,8083","1,8884","1,7755","3,04%"
"Nov 11","1,8083","1,7172","1,9140","1,7130","5,31%"
"Out 11","1,7172","1,8777","1,9175","1,6711","-8,61%"
"Set 11","1,8790","1,5892","1,9498","1,5886","18,24%"
"Ago 11","1,5892","1,5501","1,6585","1,5450","2,60%"
"Jul 11","1,5490","1,5621","1,5854","1,5280","-0,84%"
"Jun 11","1,5622","1,5788","1,6163","1,5573","-1,13%"
"Mai 11","1,5800","1,5770","1,6457","1,5685","0,16%"
"Abr 11","1,5775","1,6318","1,6318","1,5565","-3,34%"
"Mar 11","1,6320","1,6640","1,6932","1,6205","-1,91%"
"Fev 11","1,6638","1,6672","1,6806","1,6553","-0,22%"
"Jan 11","1,6675","1,6598","1,6967","1,6433","0,48%"
"Dez 10","1,6596","1,7138","1,7220","1,6592","-3,23%"
"Nov 10","1,7150","1,7012","1,7428","1,6685","0,81%"
"Out 10","1,7012","1,6876","1,7252","1,6433","0,81%"
"Set 10","1,6876","1,7549","1,7593","1,6855","-3,84%"
"Ago 10","1,7550","1,7541","1,7821","1,7431","0,06%"
"Jul 10","1,7540","1,8052","1,8138","1,7495","-2,77%"
"Jun 10","1,8039","1,8195","1,8823","1,7488","-0,88%"
"Mai 10","1,8200","1,7372","1,9160","1,7252","4,75%"
"Abr 10","1,7375","1,7832","1,7932","1,7225","-2,58%"
"Mar 10","1,7836","1,8058","1,8302","1,7563","-1,31%"
"Fev 10","1,8072","1,8684","1,8980","1,7874","-4,13%"
"Jan 10","1,8850","1,7291","1,8971","1,7138","8,15%"
"Dez 09","1,7430","1,7497","1,8011","1,6995","-0,71%"
"Nov 09","1,7555","1,7635","1,7805","1,6930","-0,45%"
"Out 09","1,7635","1,7720","1,8074","1,6970","-0,45%"
"Set 09","1,7715","1,8791","1,9218","1,7589","-5,78%"
"Ago 09","1,8802","1,8655","1,9053","1,8071","0,82%"
"Jul 09","1,8650","1,9525","2,0280","1,8610","-4,48%"
"Jun 09","1,9525","1,9715","2,0383","1,9083","-0,96%"
"Mai 09","1,9715","2,1898","2,1898","1,9650","-9,97%"
"Abr 09","2,1898","2,3170","2,3175","2,1585","-5,49%"
"Mar 09","2,3169","2,3906","2,4505","2,2151","-3,12%"
"Fev 09","2,3914","2,3222","2,4085","2,2277","3,08%"
"Jan 09","2,3200","2,3317","2,4010","2,1585","0,24%"
"Dez 08","2,3145","2,3045","2,6218","2,2834","0,48%"
"Nov 08","2,3035","2,1648","2,4787","2,0878","6,44%"
"Out 08","2,1642","1,9035","2,5305","1,8951","13,51%"
"Set 08","1,9066","1,6422","1,9687","1,6398","16,97%"
"Ago 08","1,6300","1,5610","1,6493","1,5551","4,02%"
"Jul 08","1,5670","1,6039","1,6211","1,5603","-2,31%"
"Jun 08","1,6041","1,6260","1,6522","1,5880","-1,38%"
"Mai 08","1,6265","1,6617","1,7055","1,6241","-2,15%"
"Abr 08","1,6622","1,7559","1,7605","1,6471","-5,36%"
"Mar 08","1,7564","1,6910","1,7651","1,6590","3,84%"
"Fev 08","1,6914","1,7590","1,7820","1,6612","-3,83%"
"Jan 08","1,7588","1,7795","1,8407","1,7285","-1,19%"
"Dez 07","1,7800","1,7901","1,8320","1,7500","-1,01%"
"Nov 07","1,7982","1,7368","1,8723","1,7247","3,54%"
"Out 07","1,7368","1,8325","1,8480","1,7292","-5,25%"
"Set 07","1,8330","1,9610","1,9765","1,8300","-6,86%"
"Ago 07","1,9681","1,8823","2,1396","1,8655","4,57%"
"Jul 07","1,8820","1,9260","1,9440","1,8365","-2,44%"
"Jun 07","1,9290","1,9287","1,9910","1,8945","0,44%"
"Mai 07","1,9205","2,0350","2,0365","1,9165","-5,62%"
"Abr 07","2,0348","2,0600","2,0600","2,0130","-1,18%"
"Mar 07","2,0590","2,1175","2,1520","2,0247","-2,90%"
"Fev 07","2,1204","2,1238","2,1500","2,0638","-0,17%"
"Jan 07","2,1240","2,1367","2,1627","2,1212","-0,59%"
"Dez 06","2,1365","2,1645","2,1745","2,1302","-1,32%"
"Nov 06","2,1650","2,1430","2,2040","2,1307","1,04%"
"Out 06","2,1428","2,1680","2,1800","2,1220","-1,45%"
"Set 06","2,1743","2,1520","2,2370","2,1217","1,44%"
"Ago 06","2,1434","2,1756","2,1985","2,1215","-1,57%"
"Jul 06","2,1775","2,1605","2,2256","2,1545","0,54%"
"Jun 06","2,1659","2,3215","2,3355","2,1535","-6,04%"
"Mai 06","2,3051","2,0870","2,4045","2,0500","10,45%"
"Abr 06","2,0870","2,1658","2,1765","2,0830","-3,56%"
"Mar 06","2,1640","2,1315","2,2458","2,0965","1,91%"
"Fev 06","2,1235","2,2120","2,2405","2,1015","-4,00%"
"Jan 06","2,2120","2,3335","2,3540","2,1960","-5,40%"
"Dez 05","2,3383","2,2039","2,4005","2,1585","6,12%"
"Nov 05","2,2035","2,2505","2,2685","2,1525","-2,14%"
"Out 05","2,2518","2,2355","2,3045","2,2215","1,09%"
"Set 05","2,2275","2,3550","2,3735","2,2060","-5,43%"
"Ago 05","2,3555","2,3850","2,4590","2,2629","-1,03%"
"Jul 05","2,3800","2,3364","2,5127","2,3210","1,87%"
"Jun 05","2,3364","2,3992","2,5060","2,3310","-3,03%"
"Mai 05","2,4095","2,5282","2,5300","2,3630","-4,70%"
"Abr 05","2,5282","2,6660","2,6775","2,5060","-5,66%"
"Mar 05","2,6800","2,5980","2,7858","2,5870","3,49%"
"Fev 05","2,5895","2,6085","2,6525","2,5490","-0,74%"
"Jan 05","2,6088","2,6610","2,7340","2,6055","-1,78%"
"Dez 04","2,6560","2,7170","2,8050","2,6460","-2,35%"
"Nov 04","2,7200","2,8580","2,8730","2,7140","-4,87%"
"Out 04","2,8592","2,8600","2,8950","2,8050","-0,01%"
"Set 04","2,8595","2,9295","2,9435","2,8465","-2,31%"
"Ago 04","2,9270","3,0360","3,0780","2,9220","-3,64%"
"Jul 04","3,0375","3,0865","3,0875","2,9885","-1,57%"
"Jun 04","3,0860","3,1850","3,1710","3,0860","-3,23%"
"Mai 04","3,1890","2,9330","3,2340","2,9420","8,80%"
"Abr 04","2,9310","2,8920","2,9690","2,8670","1,21%"
"Mar 04","2,8960","2,9020","2,9470","2,8580","-0,34%"
"Fev 04","2,9060","2,9270","3,0110","2,8950","-0,97%"
"Jan 04","2,9345","2,8975","2,9730","2,7665","1,49%"
"Dez 03","2,8915","2,9425","2,9525","2,8525","-1,87%"
"Nov 03","2,9465","2,8675","2,9725","2,8445","2,79%"
"Out 03","2,8665","2,8915","2,9195","2,8155","-0,90%"
"Set 03","2,8925","2,9815","3,0005","2,8615","-2,89%"
"Ago 03","2,9785","2,9625","3,0695","2,9355","0,37%"
"Jul 03","2,9675","2,8415","2,9875","2,8025","4,60%"
"Jun 03","2,8370","2,9650","2,9940","2,8000","-4,59%"
"Mai 03","2,9735","2,9115","3,0875","2,8435","2,15%"
"Abr 03","2,9110","3,3650","3,3650","2,8710","-13,47%"
"Mar 03","3,3640","3,5660","3,5850","3,3230","-5,77%"
"Fev 03","3,5700","3,5020","3,6830","3,4500","1,88%"
"Jan 03","3,5040","3,5380","3,6910","3,2380","-1,02%"
"Dez 02","3,5400","3,5550","3,8260","3,4050","-3,09%"
"Nov 02","3,6530","3,6200","3,7330","3,4650","0,08%"
"Out 02","3,6500","3,7440","4,0190","3,5190","-2,93%"
"Set 02","3,7600","3,0100","3,9540","3,0050","25,02%"
"Ago 02","3,0075","3,4525","3,4525","2,8525","-13,08%"
"Jul 02","3,4600","2,8380","3,6260","2,8100","22,80%"
"Jun 02","2,8175","2,5195","2,8915","2,5125","11,89%"
"Mai 02","2,5180","2,3610","2,5520","2,3610","6,65%"
"Abr 02","2,3610","2,3260","2,3770","2,2520","1,55%"
"Mar 02","2,3250","2,3640","2,3860","2,3140","-1,69%"
"Fev 02","2,3650","2,4120","2,4930","2,3360","-1,99%"
"Jan 02","2,4130","2,3110","2,4700","2,2770","4,41%"
"Dez 01","2,3110","2,4940","2,4960","2,2740","-7,37%"
"Nov 01","2,4950","2,6720","2,6720","2,4480","-7,46%"
"Out 01","2,6960","2,6940","2,8070","2,6590","0,97%"
"Set 01","2,6700","2,5653","2,8400","2,5480","4,13%"
"Ago 01","2,5640","2,4790","2,5830","2,4380","3,68%"
"Jul 01","2,4730","2,3180","2,6080","2,3090","7,03%"
"Jun 01","2,3105","2,3795","2,4845","2,2665","-2,96%"
"Mai 01","2,3810","2,2000","2,3860","2,1920","8,18%"
"Abr 01","2,2010","2,1520","2,3110","2,1320","2,23%"
"Mar 01","2,1530","2,0470","2,1780","2,0150","5,21%"
"Fev 01","2,0463","1,9708","2,0507","1,9708","3,82%"
"Jan 01","1,9710","1,9508","1,9810","1,9300","1,08%"