PRODUTO;UNIDADE;ANO;REGIAO;ESTADO;JAN;FEV;MAR;ABR;MAI;JUN;JUL;AGO;SET;OUT;NOV;DEZ;TOTAL	
ANIDRO;bep;2012;REGIAO NORTE;RONDONIA;0;0;0;0;0;0;0;0;0;0;0;0;0
ANIDRO;bep;2012;REGIAO NORTE;ACRE;0;0;0;0;0;0;0;0;0;0;0;0;0
ANIDRO;bep;2012;REGIAO NORTE;AMAZONAS;0;0;0;0;0;0;0;0;0;0;0;0;0
ANIDRO;bep;2012;REGIAO NORTE;RORAIMA;0;0;0;0;0;0;0;0;0;0;0;0;0
ANIDRO;bep;2012;REGIAO NORTE;PARA;5299,88862;0;0;0;0;0;5034,7828;10837,719508;18254,475412;20519,912576;20205,211764;10122,333258;90274,323938
ANIDRO;bep;2012;REGIAO NORTE;AMAPA;0;0;0;0;0;0;0;0;0;0;0;0;0
ANIDRO;bep;2012;REGIAO NORTE;TOCANTINS;0;0;0;38410;45646,870351;59856,884152;77726,345406;71298,33204;77121,372542;72397,829813;30388,125274;609,79716;473455,556738
ANIDRO;bep;2012;REGIAO NORDESTE;MARANHÃO;0;0;0;9825,281841;41864,5954;66444,252926;105227,721038;130059,674649;111538,580063;55409,582302;5186,951697;153,186762;525709,826678
ANIDRO;bep;2012;REGIAO NORDESTE;PIAUI;0;0;0;0;0;7,831799;31,542292;58,325585;13954,030356;11004,975853;11,004465;0;25067,71035
ANIDRO;bep;2012;REGIAO NORDESTE;CEARÁ;0;0;0;0;0;0;0;0;0;0;0;0;0
ANIDRO;bep;2012;REGIAO NORDESTE;RIO GRANDE DO NORTE;40901,218826;32129,872816;612,120965;4,981777;0;0;0;0;24168,244175;37934,219171;34358,655317;31512,324518;201621,637565
ANIDRO;bep;2012;REGIAO NORDESTE;PARAIBA;85600,940828;36999,557913;20962,222931;41,694055;1,45958;8,968735;6,353014;11556,312993;78829,2271;106695,705146;106679,288712;114848,942072;562230,673079
ANIDRO;bep;2012;REGIAO NORDESTE;PERNAMBUCO;100662,362212;74522,014202;49306,002842;4966,889284;0;0;0;2398,28199;46429,935021;120131,300368;136062,016872;150567,107816;685045,910607
ANIDRO;bep;2012;REGIAO NORDESTE;ALAGOAS;248709,455225;241171,876825;138342,79499;2092,830306;0;0;0;0;29259,627951;167774,607289;229110,994708;283555,98668;1340018,173974
ANIDRO;bep;2012;REGIAO NORDESTE;SERGIPE;17145,517256;29066,149099;23691,349456;0;0;0;0;0;0;3733,486569;26986,677791;38813,197452;139436,377623
ANIDRO;bep;2012;REGIAO NORDESTE;BAHIA;3134,709238;5722,3218;3127,203924;112,414547;22070,516594;55269,670036;57870,468751;62627,470431;58078,45506;27747,814192;7195,898404;0;302956,942977
ANIDRO;bep;2012;REGIAO SUDESTE;MINAS GERAIS;12901,746155;18120,962252;14024,750848;17563,602424;237709,603266;409288,924628;545336,952578;621609,744513;529232,933995;522060,454168;258495,224699;131819,501778;3318164,401304
ANIDRO;bep;2012;REGIAO SUDESTE;ESPÍRITO SANTO;29268,861715;12324,981595;0;2223,01716;26964,941572;57731,447597;74844,212646;58318,102732;68659,611132;52643,893298;26421,413185;23037,369273;432437,851905
ANIDRO;bep;2012;REGIAO SUDESTE;RIO DE JANEIRO;0;0;0;0;0;0;0;0;0;0;0;0;0
ANIDRO;bep;2012;REGIAO SUDESTE;SÃO PAULO;83,706913;133,401771;3,280214;123146,139678;1495436,507041;1737092,495824;3376758,779484;3906893,280681;3496829,161592;3651340,388735;2616962,557158;1039120,886586;21443800,585677
ANIDRO;bep;2012;REGIAO SUL;PARANÁ;0;0;0;88572,661072;120772,897167;147452,836539;253386,77536;314881,757669;230571,054833;168805,38189;151890,620391;50770,403297;1527104,388218
ANIDRO;bep;2012;REGIAO SUL;SANTA CATARINA;0;0;0;0;0;0;0;0;0;0;0;0;0
ANIDRO;bep;2012;REGIAO SUL;RIO GRANDE DO SUL;0;0;0;0;0;0;0;0;0;0;0;0;0
ANIDRO;bep;2012;REGIAO CENTRO OESTE;MATO GROSSO DO SUL;0;0;35935,101583;0;95203,164276;234286,603932;344394,695729;350269,54748;285559,294799;248546,950197;204294,067089;141260,199653;1939749,624738
ANIDRO;bep;2012;REGIAO CENTRO OESTE;MATO GROSSO;0;0;0;13739,399117;87696,164077;242034,250463;314438,836595;386597,675547;302497,893544;240942,868723;85399,522629;47839,543611;1721186,154306
ANIDRO;bep;2012;REGIAO CENTRO OESTE;GOIAS;3068,793837;2881,641112;31953,455686;58019,952789;256161,786471;437411,843198;544121,160848;547589,20743;560483,505886;494013,74872;307899,587869;102598,053367;3346202,737213
ANIDRO;bep;2012;REGIAO CENTRO OESTE;BRASILIA;0;0;0;0;0;0;0;0;0;0;0;0;0
ANIDRO;bep;2013;REGIAO NORTE;RONDONIA;0;0;0;0;0;0;0;0;0;0;0;0;0
ANIDRO;bep;2013;REGIAO NORTE;ACRE;0;0;0;0;0;0;0;0;0;0;0;0;0
ANIDRO;bep;2013;REGIAO NORTE;AMAZONAS;0;0;0;0;0;0;0;0;0;0;0;0;0
ANIDRO;bep;2013;REGIAO NORTE;RORAIMA;0;0;0;0;0;0;0;0;0;0;0;0;0
ANIDRO;bep;2013;REGIAO NORTE;PARA;0;0;0;0;0;5459,182572;13087,032154;13741,553918;20419,620225;19538,794423;16981,510397;18670,21757;107897,911259
ANIDRO;bep;2013;REGIAO NORTE;AMAPA;0;0;0;0;0;0;0;0;0;0;0;0;0
ANIDRO;bep;2013;REGIAO NORTE;TOCANTINS;0;0;0;26661,944287;67995,970834;59932,597944;68668,944762;59715,516147;58171,668448;32955,607155;37490,556784;27236,573251;438829,379612
ANIDRO;bep;2013;REGIAO NORDESTE;MARANHÃO;0;0;0;4660,623308;32942,355705;60111,557816;90811,295738;114054,688569;132337,610427;114111,19352;40383,997448;3937,078774;593350,401305
ANIDRO;bep;2013;REGIAO NORDESTE;PIAUI;0;0;0;0;0;7643,655297;24823,211495;26978,481097;23926,084489;23291,336193;11837,201482;0;118499,970053
ANIDRO;bep;2013;REGIAO NORDESTE;CEARÁ;0;0;0;0;0;0;0;0;0;0;0;0;0
ANIDRO;bep;2013;REGIAO NORDESTE;RIO GRANDE DO NORTE;28552,234822;0;0;0;0;0;0;0;8491,471545;31814,703402;36568,467119;30849,398646;136276,275534
ANIDRO;bep;2013;REGIAO NORDESTE;PARAIBA;105595,508311;47951,059364;89177,591685;5,819115;30,754887;40,430366;0;23752,928368;73087,366133;118433,570686;125753,145449;128555,819442;712383,993806
ANIDRO;bep;2013;REGIAO NORDESTE;PERNAMBUCO;133156,815066;40162,30261;27216,703758;135,160949;0;0;0;0;20224,320739;91710,7888;129566,1484;145528,879639;587701,119961
ANIDRO;bep;2013;REGIAO NORDESTE;ALAGOAS;268601,433439;208458,890276;109811,305409;7938,5788;0;0;0;0;24350,215391;106455,992177;180234,093022;234268,628052;1140119,136566
ANIDRO;bep;2013;REGIAO NORDESTE;SERGIPE;40052,338621;26901,36534;299,490452;0;0;0;0;0;0;2395,735407;22490,499216;25388,606695;117528,035731
ANIDRO;bep;2013;REGIAO NORDESTE;BAHIA;495,761711;1562,760783;87,501821;8077,550021;39452,028731;43969,15612;70171,893493;85641,674633;65933,058077;62410,119764;41327,961608;1310,384037;420439,850799
ANIDRO;bep;2013;REGIAO SUDESTE;MINAS GERAIS;15169,510965;7060,67984;14184,133143;135388,904668;576572,579138;690809,711366;849767,725665;773731,251255;681867,567609;501081,772552;371799,5816;117745,478582;4735178,896383
ANIDRO;bep;2013;REGIAO SUDESTE;ESPÍRITO SANTO;7252,72984;3053,241628;0;8023,872046;33066,396959;55649,710099;71568,653938;74772,942891;58407,636442;53850,09021;32569,467584;14428,017438;412642,759075
ANIDRO;bep;2013;REGIAO SUDESTE;RIO DE JANEIRO;0;0;0;0;0;0;0;0;0;0;0;0;0
ANIDRO;bep;2013;REGIAO SUDESTE;SÃO PAULO;53022,627421;697,590897;41988,821022;1047450,690441;3140237,347317;2658230,368706;3879681,044006;4087671,236257;3565378,55907;3358314,428078;2743374,149873;1156878,810008;25732925,673096
ANIDRO;bep;2013;REGIAO SUL;PARANÁ;772,601786;0;35734,420856;106921,344691;172797,275575;122862,627786;223434,027436;346827,477581;250028,016751;235744,14052;235682,880411;64677,262332;1795482,075725
ANIDRO;bep;2013;REGIAO SUL;SANTA CATARINA;0;0;0;0;0;0;0;0;0;0;0;0;0
ANIDRO;bep;2013;REGIAO SUL;RIO GRANDE DO SUL;0;0;0;0;0;0;0;0;0;0;0;0;0
ANIDRO;bep;2013;REGIAO CENTRO OESTE;MATO GROSSO DO SUL;5849,320624;2658,294644;8018,590671;100278,811475;343015,461767;176377,406378;339040,552984;388428,280783;341689,882734;303061,786913;153130,099568;65643,197012;2227191,685553
ANIDRO;bep;2013;REGIAO CENTRO OESTE;MATO GROSSO;0;0;0;52285,981236;338869,720668;351586,922137;414262,935126;390738,880425;340167,529271;222723,738193;89952,490389;12974,55231;2213562,749755
ANIDRO;bep;2013;REGIAO CENTRO OESTE;GOIAS;0;0;0;90180,138777;406938,409314;469454,294854;624575,783918;685666,662299;573996,155409;567566,298363;339794,464464;111394,473425;3869566,680823
ANIDRO;bep;2013;REGIAO CENTRO OESTE;BRASILIA;0;0;0;0;0;0;0;0;0;0;0;0;0
ANIDRO;bep;2014;REGIAO NORTE;RONDONIA;0;0;0;0;0;0;0;0;0;0;0;0;0
ANIDRO;bep;2014;REGIAO NORTE;ACRE;0;0;0;0;0;0;0;0;0;0;0;0;0
ANIDRO;bep;2014;REGIAO NORTE;AMAZONAS;0;0;0;0;0;0;0;0;0;0;0;0;0
ANIDRO;bep;2014;REGIAO NORTE;RORAIMA;0;0;0;0;0;0;0;0;0;0;0;0;0
ANIDRO;bep;2014;REGIAO NORTE;PARA;2327,849573;0;0;0;0;7977,856866;19743,531246;19672,004144;21587,864216;23830,14015;22822,638168;11868,34431;129830,228673
ANIDRO;bep;2014;REGIAO NORTE;AMAPA;0;0;0;0;0;0;0;0;0;0;0;0;0
ANIDRO;bep;2014;REGIAO NORTE;TOCANTINS;0;0;0;0;56771,562492;65739,56002;55747,102495;73093,473323;66448,136177;60593,814571;52466,200956;24085,255529;454945,105563
ANIDRO;bep;2014;REGIAO NORDESTE;MARANHÃO;0;0;0;6515,161815;43513,30624;70652,517823;88472,015349;122036,48246;131880,12044;101278,427884;67757,42937;3864,360962;635969,822343
ANIDRO;bep;2014;REGIAO NORDESTE;PIAUI;0;0;0;0;0;6591,509372;21299,335978;25103,769658;24267,580117;23869,475831;19019,28765;2671,119743;122822,078349
ANIDRO;bep;2014;REGIAO NORDESTE;CEARÁ;0;0;0;0;0;0;0;0;0;0;0;0;0
ANIDRO;bep;2014;REGIAO NORDESTE;RIO GRANDE DO NORTE;14341,740896;5522,582118;802,062256;0;0;0;0;1552,151941;37567,703269;39540,264183;37579,963741;39005,785192;175912,253596
ANIDRO;bep;2014;REGIAO NORDESTE;PARAIBA;158033,735264;89254,135133;72105,618056;25093,349025;0;0;0;56514,038806;109083,462796;137288,813067;124271,130168;132886,070658;904530,352973
ANIDRO;bep;2014;REGIAO NORDESTE;PERNAMBUCO;161722,013263;81286,034407;74669,258937;28723,032569;7597,309791;0;0;400,84676;35757,939299;101862,448093;115417,894038;133200,80988;740637,587037
ANIDRO;bep;2014;REGIAO NORDESTE;ALAGOAS;230574,926561;190762,757988;172841,032247;68849,659971;5652,308052;0;0;3776,517292;35173,634856;133919,710645;224800,816558;244835,472558;1311186,836728
ANIDRO;bep;2014;REGIAO NORDESTE;SERGIPE;39921,752303;32099,636464;18228,04165;0;0;0;69,67574;0;0;11305,019409;15825,41933;25853,022005;143302,566901
ANIDRO;bep;2014;REGIAO NORDESTE;BAHIA;1276,352777;914,703422;0;20441,483197;52797,921239;64830,314659;72266,790257;88464,510035;91794,384324;71047,391828;40604,167409;1702,538614;506140,557761
ANIDRO;bep;2014;REGIAO SUDESTE;MINAS GERAIS;8058,694552;7439,156616;12652,150293;170602,339966;576128,352124;644931,931618;562524,24455;764051,823707;537345,947969;496973,792324;320759,993341;105255,625903;4206724,052963
ANIDRO;bep;2014;REGIAO SUDESTE;ESPÍRITO SANTO;492,957781;3462,849709;0;17960,961556;53747,946497;61837,077133;62290,511024;61574,875109;66652,538833;28207,585733;24813,290192;28756,349403;409796,94297
ANIDRO;bep;2014;REGIAO SUDESTE;RIO DE JANEIRO;0;0;0;0;0;0;0;0;0;0;0;0;0
ANIDRO;bep;2014;REGIAO SUDESTE;SÃO PAULO;34099,529934;4589,995;170737,347275;1355010,614839;3538400,06645;3836641,840078;3629456,218256;4249385,4907;3136392,060761;3164322,748804;1250742,206597;341439,514831;24711217,633525
ANIDRO;bep;2014;REGIAO SUL;PARANÁ;11798,653206;4558,452708;51709,516274;124203,624593;239590,218322;200264,005387;228201,29995;347147,110237;238753,322037;301923,752387;190157,328045;101792,879901;2040100,163047
ANIDRO;bep;2014;REGIAO SUL;SANTA CATARINA;0;0;0;0;0;0;0;0;0;0;0;0;0
ANIDRO;bep;2014;REGIAO SUL;RIO GRANDE DO SUL;0;0;0;0;0;0;0;0;0;0;0;0;0
ANIDRO;bep;2014;REGIAO CENTRO OESTE;MATO GROSSO DO SUL;6961,989186;0,003841;19065,660043;87369,698282;176651,361862;284528,020868;227854,323215;357205,487004;284055,105425;439265,048878;259572,325601;199978,511539;2342507,535744
ANIDRO;bep;2014;REGIAO CENTRO OESTE;MATO GROSSO;0;0;0;27199,526806;204968,227886;273092,472756;268794,405279;334658,621113;345931,687243;242982,00569;106086,249835;42499,85839;1846213,054998
ANIDRO;bep;2014;REGIAO CENTRO OESTE;GOIAS;3168,825;0;4532,460661;117231,260866;560738,006705;663755,270653;549122,500061;748871,74231;559411,663313;662891,410548;410598,571193;147842,505989;4428164,217299
ANIDRO;bep;2014;REGIAO CENTRO OESTE;BRASILIA;0;0;0;0;0;0;0;0;0;0;0;0;0
ANIDRO;bep;2015;REGIAO NORTE;RONDONIA;0;0;0;0;0;0;0;0;0;0;0;0;0
ANIDRO;bep;2015;REGIAO NORTE;ACRE;0;0;0;0;0;0;0;0;0;0;0;0;0
ANIDRO;bep;2015;REGIAO NORTE;AMAZONAS;0;0;0;0;0;0;0;0;0;0;0;0;0
ANIDRO;bep;2015;REGIAO NORTE;RORAIMA;0;0;0;0;0;0;0;0;0;0;0;0;0
ANIDRO;bep;2015;REGIAO NORTE;PARA;0;0;0;0;0;0;5406,998746;23823,733362;22457,927536;17063,21999;24245,329204;21427,4026;114424,611438
ANIDRO;bep;2015;REGIAO NORTE;AMAPA;0;0;0;0;0;0;0;0;0;0;0;0;0
ANIDRO;bep;2015;REGIAO NORTE;TOCANTINS;0;0;0;32557,134133;36377,938155;71192,547059;66768,21823;82503,631407;73542,636022;78723,004245;49763,57349;0;491428,682741
ANIDRO;bep;2015;REGIAO NORDESTE;MARANHÃO;0;0;0;16293,594979;28583,846252;45664,631135;69764,098364;113682,234481;106836,727461;110252,405849;34254,706334;30476,956081;555809,200936
ANIDRO;bep;2015;REGIAO NORDESTE;PIAUI;0;0;0;0;0;5957,252724;19868,87844;22407,31852;21616,057156;17986,569503;22939,124175;1915,848549;112691,049067
ANIDRO;bep;2015;REGIAO NORDESTE;CEARÁ;0;0;0;0;0;0;0;0;0;0;0;0;0
ANIDRO;bep;2015;REGIAO NORDESTE;RIO GRANDE DO NORTE;42947,918722;39438,055173;5300,495498;0;0;0;0;89,491459;35722,037472;35047,507939;41754,746641;46117,212324;246417,465228
ANIDRO;bep;2015;REGIAO NORDESTE;PARAIBA;129520,590299;82776,20029;31849,180218;19121,101037;733,992054;0;1034,204614;44708,936561;106005,477446;126311,961016;137155,211564;122414,175672;801631,030771
ANIDRO;bep;2015;REGIAO NORDESTE;PERNAMBUCO;164614,973802;63902,632498;41189,816202;24504,270219;4704,798649;0;702,5189;1689,778812;22916,704258;100529,091035;157181,179222;144030,989505;725966,753102
ANIDRO;bep;2015;REGIAO NORDESTE;ALAGOAS;240822,987272;201978,881293;208900,985535;125545,458738;6068,691657;0;0;3305,138249;39744,970278;97788,395418;151536,653036;203541,27334;1279233,434816
ANIDRO;bep;2015;REGIAO NORDESTE;SERGIPE;20579,467281;19231,08039;15852,056665;7072,425618;4531,9959;0;0;0;8625,837407;12929,435924;21089,874725;24995,199952;134907,373862
ANIDRO;bep;2015;REGIAO NORDESTE;BAHIA;78,959437;1895,03417;932,003286;1186,734565;14440,50837;17608,277095;25661,974506;30057,910663;29514,347707;37835,524676;21301,859515;770,370165;181283,504155
ANIDRO;bep;2015;REGIAO SUDESTE;MINAS GERAIS;21762,718059;47409,543661;26829,626983;175051,950257;374766,193314;595750,565385;688252,515683;761090,915878;535510,937106;480675,319275;401788,204464;134853,05444;4243741,544505
ANIDRO;bep;2015;REGIAO SUDESTE;ESPÍRITO SANTO;17296,56074;0;0;0;27081,151027;36073,742478;44595,373555;53196,183006;45363,980701;49417,956469;34752,081265;26151,686642;333928,715883
ANIDRO;bep;2015;REGIAO SUDESTE;RIO DE JANEIRO;0;0;0;0;0;0;0;0;0;0;0;0;0
ANIDRO;bep;2015;REGIAO SUDESTE;SÃO PAULO;58099,615129;93003,654036;113784,032504;1081424,439148;2161743,100488;3016251,964503;3197078,766076;4103690,814296;3072459,430053;3392242,826098;2092280,524465;1372391,116793;23754450,283589
ANIDRO;bep;2015;REGIAO SUL;PARANÁ;11446,425824;906,349247;93968,751378;194750,10777;209083,459922;211221,541049;147477,445826;406584,610963;277134,061299;256833,53512;126126,479126;132032,642709;2067565,410233
ANIDRO;bep;2015;REGIAO SUL;SANTA CATARINA;0;0;0;0;0;0;0;0;0;0;0;0;0
ANIDRO;bep;2015;REGIAO SUL;RIO GRANDE DO SUL;0;0;0;0;0;0;0;0;0;0;0;0;0
ANIDRO;bep;2015;REGIAO CENTRO OESTE;MATO GROSSO DO SUL;28808,079991;11321,113199;50276,792546;165824,239673;339994,37315;347019,454602;224185,311672;415596,772309;298691,735255;296349,720074;229883,677155;73820,328799;2481771,598425
ANIDRO;bep;2015;REGIAO CENTRO OESTE;MATO GROSSO;17434,299;2727,11;0;60428,102308;204895,621463;306843,574057;360207,051818;366320,287552;328052,419916;247680,255434;87346,940357;28879,050148;2010814,712053
ANIDRO;bep;2015;REGIAO CENTRO OESTE;GOIAS;81,498338;0;74,8995;162020,923724;446256,932567;572559,990145;619814,461113;595377,489055;611393,510328;639117,299065;412091,875173;150962,396649;4209751,275657
ANIDRO;bep;2014;REGIAO CENTRO OESTE;BRASILIA;0;0;0;0;0;0;0;0;0;0;0;0;0
ANIDRO;bep;2016;REGIAO NORTE;RONDONIA;0;0;0;0;0;0;0;0;0;0;0;0;0
ANIDRO;bep;2016;REGIAO NORTE;ACRE;0;0;0;0;0;0;0;0;0;0;0;0;0
ANIDRO;bep;2016;REGIAO NORTE;AMAZONAS;0;0;0;0;0;0;0;0;0;0;0;0;0
ANIDRO;bep;2016;REGIAO NORTE;RORAIMA;0;0;0;0;0;0;0;0;0;0;0;0;0
ANIDRO;bep;2016;REGIAO NORTE;PARA;0;0;0;0;0;5930,504;20898,881;28296,647;24282,802;25054,843;5749,977;0;110213,654
ANIDRO;bep;2016;REGIAO NORTE;AMAPA;0;0;0;0;0;0;0;0;0;0;0;0;0
ANIDRO;bep;2016;REGIAO NORTE;TOCANTINS;0;0;0;28354,262;55037,689;73666,539;76643,314;72802,314;82973,282;53301,557;4797,409;0;447576,366
ANIDRO;bep;2016;REGIAO NORDESTE;MARANHÃO;8542,384;0;0;3126,574;26218,666;57910,757;74104,413;87770,691;85335,497;40618,575;26372,306;16528,556631;426528,419631
ANIDRO;bep;2016;REGIAO NORDESTE;PIAUI;0;0;0;0;0;11553,728;23076,728;20507,099;18790,172;8235,104;0;0;82162,831
ANIDRO;bep;2016;REGIAO NORDESTE;CEARÁ;0;0;0;0;0;0;0;0;0;0;0;0;0
ANIDRO;bep;2016;REGIAO NORDESTE;RIO GRANDE DO NORTE;38655,824;2734,792;0;0;0;0;0;0;20714,513;33531,93;36147,651;27846,862059;159631,572059
ANIDRO;bep;2016;REGIAO NORDESTE;PARAIBA;80607,226;27470,832;18913,084;5688,521;0;0;710,585;47743,63;102854,298;106249,742;109199,63;109462,849889;608900,397889
ANIDRO;bep;2016;REGIAO NORDESTE;PERNAMBUCO;91297,059326;24348,099;15284,748647;810,451;0;0;0;679,857;41469,986424;82588,045064;113986,802735;106260,012834;476725,06203
ANIDRO;bep;2016;REGIAO NORDESTE;ALAGOAS;162951,989806;84517,425456;67625,533271;15340,33944;0;0;0;7657,932294;59305,339598;164645,179426;220646,298774;223199,837825;1005889,87589
ANIDRO;bep;2016;REGIAO NORDESTE;SERGIPE;20799,015;10532,022;1317,463;0;0;0;0;0;0;8569,271;13378,203;27325,254259;81921,228259
ANIDRO;bep;2016;REGIAO NORDESTE;BAHIA;0;17580,257;20729,877;42274,046;32621,613;27436,263;39785,078;43257,342;25442,784;27351,761;14830,101;0;291309,122
ANIDRO;bep;2016;REGIAO SUDESTE;MINAS GERAIS;0;0;0;230774,962;518269,971;537490,335;745273,071;707558,292;690823,055;517908,917;252722,436;32086,44647;4232907,48547
ANIDRO;bep;2016;REGIAO SUDESTE;ESPÍRITO SANTO;0;0;0;0;16255,112;45554,26;49606,515;38886,284;26944,615;7897,096;0;0;185143,882
ANIDRO;bep;2016;REGIAO SUDESTE;RIO DE JANEIRO;0;0;0;0;0;0;0;0;0;0;0;0;0
ANIDRO;bep;2016;REGIAO SUDESTE;SÃO PAULO;160069,834;171423,83;458920,448379;2354901,736;3184538,531;2827652,016;3889673,152;3392693,844;3221992,122;2900462,987614;1880604,251267;717352,22744;25160284,9797
ANIDRO;bep;2016;REGIAO SUL;PARANÁ;48323,621;7040,553;114899,674;325405,679;166707,082;269169,598;366508,22;286561,646;329646,143;254558,434;154634,819;8785,073744;2332240,542744
ANIDRO;bep;2016;REGIAO SUL;SANTA CATARINA;0;0;0;0;0;0;0;0;0;0;0;0;0
ANIDRO;bep;2016;REGIAO SUL;RIO GRANDE DO SUL;0;0;0;0;0;0;0;0;0;0;0;0;0
ANIDRO;bep;2016;REGIAO CENTRO OESTE;MATO GROSSO DO SUL;27762,748;32241,354;88392,933;295442,038;209434,366;344564,587;508352,509;396145,376;381733,944;310598,624;275157,717;126562,747588;2996388,943588
ANIDRO;bep;2016;REGIAO CENTRO OESTE;MATO GROSSO;20956,496;9418,132;18751,762;122055,457;259743,784;329880,444;372561,636;303972,899;256455,888;244103,232;108900,032;7486,873359;2054286,635359
ANIDRO;bep;2016;REGIAO CENTRO OESTE;GOIAS;92514,326;17395,889;38244,837;204103,058;574475,324;564592,431;668337,841;627219,936;634779,024;483712,494;214101,181;20215,716899;4139692,057899
ANIDRO;bep;2016;REGIAO CENTRO OESTE;BRASILIA;0;0;0;0;0;0;0;0;0;0;0;0;0
ANIDRO;bep;2017;REGIAO NORTE;RONDONIA;0;0;0;0;0;0;0;0;0;0;0;0;0
ANIDRO;bep;2017;REGIAO NORTE;ACRE;0;0;0;0;0;0;0;0;0;0;0;0;0
ANIDRO;bep;2017;REGIAO NORTE;AMAZONAS;0;0;0;0;0;0;0;0;0;0;0;0;0
ANIDRO;bep;2017;REGIAO NORTE;RORAIMA;0;0;0;0;0;0;0;0;0;0;0;0;0
ANIDRO;bep;2017;REGIAO NORTE;PARA;0;0;0;0;0;12227,758203;26693,56724;29410,809711;28635,8073;31179,113927;28536,628839;10523,679348;167207,364568
ANIDRO;bep;2017;REGIAO NORTE;AMAPA;0;0;0;0;0;0;0;0;0;0;0;0;0
ANIDRO;bep;2017;REGIAO NORTE;TOCANTINS;0;0;0;17075,449734;62064,356785;62119,548114;72464,663213;74814,018545;50991,299207;66339,243827;38784,439885;0;444653,01931
ANIDRO;bep;2017;REGIAO NORDESTE;MARANHÃO;0;0;0;0;21184,647559;63732,122826;105200,972314;108961,361247;111540,112622;82253,121387;46836,159181;9309,961758;549018,458894
ANIDRO;bep;2017;REGIAO NORDESTE;PIAUI;0;0;0;0;0;4683,838312;15934,012082;11373,873175;14614,394281;19328,315305;9277,075116;0;75211,508271
ANIDRO;bep;2017;REGIAO NORDESTE;CEARÁ;0;0;0;0;0;0;0;0;0;0;0;0;0
ANIDRO;bep;2017;REGIAO NORDESTE;RIO GRANDE DO NORTE;6750,357768;62,9924;0;0;0;0;0;0;8967,613428;35574,723599;29271,101018;21803,401931;102430,190144
ANIDRO;bep;2017;REGIAO NORDESTE;PARAIBA;39969,430636;17420,229417;9394,675013;0;0;0;4617,389012;53682,726317;92790,194302;131461,900837;115507,335564;126002,649127;590846,530225
ANIDRO;bep;2017;REGIAO NORDESTE;PERNAMBUCO;99963,699676;20633,141415;0;0;0;0;0;3663,69944;14353,12562;52158,164279;80665,328807;112455,687951;383892,847188
ANIDRO;bep;2017;REGIAO NORDESTE;ALAGOAS;210036,362089;120351,900521;52984,486291;8407,495762;0;0;0;0;9620,279989;101023,335551;170887,407463;195963,725494;869274,99316
ANIDRO;bep;2017;REGIAO NORDESTE;SERGIPE;29042,092916;8680,256695;0;0;0;0;84,467431;0;0;4435,828783;25308,38741;26042,371782;93593,405017
ANIDRO;bep;2017;REGIAO NORDESTE;BAHIA;0;0;0;3416,792278;34731,017221;25764,248813;30048,865108;51642,778899;53913,270819;57822,233473;29637,029247;0;286976,235858
ANIDRO;bep;2017;REGIAO SUDESTE;MINAS GERAIS;145,255097;0;5721,661148;273257,943036;458702,759704;638134,437098;598834,853816;560807,828403;579106,751867;483993,950957;241407,161121;9536,811218;3849649,413465
ANIDRO;bep;2017;REGIAO SUDESTE;ESPÍRITO SANTO;0;0;0;7679,622421;38186,580553;36766,854769;36719,606628;50061,608203;43714,186699;50328,069896;30808,319151;2938,848966;297203,697286
ANIDRO;bep;2017;REGIAO SUDESTE;RIO DE JANEIRO;0;0;0;0;0;0;0;0;0;0;0;0;0
ANIDRO;bep;2017;REGIAO SUDESTE;SÃO PAULO;52281,729249;79908,478962;559935,575713;1243749,765963;2808659,84581;3571508,153623;4111616,360583;3362690,367989;3848459,087565;2944777,05017;1615881,824523;425755,533611;24625223,773761
ANIDRO;bep;2017;REGIAO SUL;PARANÁ;0;10201,738251;87502,562313;118288,761145;202102,542288;246067,534764;450244,397579;306389,948116;401859,804545;213168,705271;148905,034137;79015,150705;2263746,179114
ANIDRO;bep;2017;REGIAO SUL;SANTA CATARINA;0;0;0;0;0;0;0;0;0;0;0;0;0
ANIDRO;bep;2017;REGIAO SUL;RIO GRANDE DO SUL;0;0;0;0;0;0;0;0;0;0;0;0;0
ANIDRO;bep;2017;REGIAO CENTRO OESTE;MATO GROSSO DO SUL;57036,733609;45457,862423;116345,468651;173429,52338;261010,39216;423005,051126;630108,748259;518391,707654;605758,452207;352573,99384;202292,018818;57837,724226;3443247,676353
ANIDRO;bep;2017;REGIAO CENTRO OESTE;MATO GROSSO;3807,156949;8018,602194;3535,548316;48892,43469;301727,822977;340246,41957;377292,641792;395412,309627;372692,706284;222262,641507;67487,875672;11973,484003;2153349,643581
ANIDRO;bep;2017;REGIAO CENTRO OESTE;GOIAS;4032,700469;24015,906274;23318,764774;214570,082598;520191,442773;592900,720071;992662,132542;667042,267859;676388,573159;517323,064634;237462,784447;47179,959409;4517088,399009
ANIDRO;bep;2017;REGIAO CENTRO OESTE;BRASILIA;0;0;0;0;0;0;0;0;0;0;0;0;0
ANIDRO;bep;2018;REGIAO NORTE;RONDONIA;0;0;0;0;0;0;0;0;0;0;0;0;0
ANIDRO;bep;2018;REGIAO NORTE;ACRE;0;0;0;0;0;0;0;0;0;0;0;0;0
ANIDRO;bep;2018;REGIAO NORTE;AMAZONAS;0;0;0;0;0;0;0;0;0;0;0;0;0
ANIDRO;bep;2018;REGIAO NORTE;RORAIMA;0;0;0;0;0;0;0;0;0;0;0;0;0
ANIDRO;bep;2018;REGIAO NORTE;PARA;0;0;0;0;0;9399,403284;19280,026253;19842,064419;21700,939415;25377,921033;23149,649385;15041,498117;133791,501906
ANIDRO;bep;2018;REGIAO NORTE;AMAPA;0;0;0;0;0;0;0;0;0;0;0;0;0
ANIDRO;bep;2018;REGIAO NORTE;TOCANTINS;0;0;0;0;30160,457681;39618,643629;21984,785474;53310,836856;61679,768978;51742,076431;9214,86628;0;267711,435329
ANIDRO;bep;2018;REGIAO NORDESTE;MARANHÃO;0;0;0;0;7977,107871;55801,544829;100071,047944;99791,926315;81553,291187;73414,043183;50381,252382;2495,144328;471485,358039
ANIDRO;bep;2018;REGIAO NORDESTE;PIAUI;0;0;0;0;0;3365,683932;12183,363925;15868,296413;11045,725022;15898,190916;10840,558007;0;69201,818215
ANIDRO;bep;2018;REGIAO NORDESTE;CEARÁ;0;0;0;0;0;0;0;0;0;0;0;0;0
ANIDRO;bep;2018;REGIAO NORDESTE;RIO GRANDE DO NORTE;16959,067434;5977,268175;4484,267634;0;0;0;0;3717,769197;10753,559357;18305,042177;16423,989247;7121,709489;83742,67271
ANIDRO;bep;2018;REGIAO NORDESTE;PARAIBA;109362,188802;53596,768578;26226,701372;0;0;0;4328,607268;59188,684587;86512,594496;121830,712408;97183,318847;96300,253742;654529,8301
ANIDRO;bep;2018;REGIAO NORDESTE;PERNAMBUCO;66201,348086;18108,459797;6929,164;305,739759;0;0;0;842,06243;38059,950465;102837,293893;58608,516901;40750,021702;332642,557033
ANIDRO;bep;2018;REGIAO NORDESTE;ALAGOAS;184185,867462;97548,26378;47819,247767;6306,07698;0;0;0;6718,899978;22322,466989;121178,003596;141347,832068;110285,357788;737712,016408
ANIDRO;bep;2018;REGIAO NORDESTE;SERGIPE;17015,583908;12452,076444;7066,848486;0;0;0;0;0;1929,184501;10182,506364;26594,911155;12510,244548;87751,355406
ANIDRO;bep;2018;REGIAO NORDESTE;BAHIA;0;0;0;2964,683532;20722,621351;37628,360341;50003,843404;49744,234055;43194,933432;57992,528049;38110,597891;7739,591954;308101,394009
ANIDRO;bep;2018;REGIAO SUDESTE;MINAS GERAIS;57,184808;0;8916,551174;248222,370333;463685,954033;529696,807724;517494,296414;509979,990633;481513,997784;300989,336953;111837,598072;13845,783294;3186239,871222
ANIDRO;bep;2018;REGIAO SUDESTE;ESPÍRITO SANTO;0;0;0;1400,432441;42301,397761;54033,159952;66756,779732;59630,79521;61984,141341;45097,165636;38415,945868;25267,926316;394887,744257
ANIDRO;bep;2018;REGIAO SUDESTE;RIO DE JANEIRO;0;0;0;0;0;0;0;0;0;0;0;0;0
ANIDRO;bep;2018;REGIAO SUDESTE;SÃO PAULO;9342,468141;4398,459694;78377,963374;1351795,751613;2754052,241262;3399351,153543;3638986,10031;3110864,329205;2549922,960755;1783258,569509;941519,605483;158725,268904;19780594,871793
ANIDRO;bep;2018;REGIAO SUL;PARANÁ;0;347,990759;57481,394656;217532,277162;260560,895294;310459,802578;404021,354182;260630,59408;196908,25044;118834,248442;142408,57031;20220,529672;1989405,907575
ANIDRO;bep;2018;REGIAO SUL;SANTA CATARINA;0;0;0;0;0;0;0;0;0;0;0;0;0
ANIDRO;bep;2018;REGIAO SUL;RIO GRANDE DO SUL;0;0;0;0;0;0;0;0;0;0;0;0;0
ANIDRO;bep;2018;REGIAO CENTRO OESTE;MATO GROSSO DO SUL;32099,609577;4742,909051;75493,264826;301718,435573;219644,454585;359619,090743;507173,844376;394246,996319;311170,591151;268235,094223;321083,232696;178455,47188;2973682,995
ANIDRO;bep;2018;REGIAO CENTRO OESTE;MATO GROSSO;14594,820545;33902,759345;44948,783965;111019,299909;346451,347656;360161,455307;437817,264589;347772,037096;287452,880912;236155,12752;154905,133216;58848,156891;2434029,066951
ANIDRO;bep;2018;REGIAO CENTRO OESTE;GOIAS;11722,090553;0;0;118293,212864;273126,292761;422353,118196;469019,916164;345410,390564;306648,581851;244502,477063;149197,311191;28517,746483;2368791,13769
ANIDRO;bep;2018;REGIAO CENTRO OESTE;BRASILIA;0;0;0;0;0;0;0;0;0;0;0;0;0